iteration,method,population,time in sec,time in clocks,X_found,Y_found,Thetha_found,X_original,Y_original,Thetha_original,global_best
0,0,100,16.377734422683716,45987001921,0.11932758394761223,-0.011964878983837579,-0.5994185214888628,0.0,0.0,0.0,11656.938449784675
1,0,100,15.902569055557251,44652821959,4.61930108500075,-2.2916054264334598,42.30945992608224,3.9997745353039256,1.9999103113884145,44.99995148008031,50090.942884248565
2,0,100,16.03827452659607,45033901830,1.6091710673079618,-5.337917539134198,-81.58010092408134,-3.9999999318331416,-4.999999883022972,60.00005084726444,588698090.1125497
3,0,100,16.656676054000854,46770347298,0.05806823956740814,-0.11584387721790002,173.650143783058,0.0,1.0000000000638591,179.9997473002663,72525.55909699207
4,0,100,16.15229630470276,45354129529,-2.3780689950841634,-2.042425801219011,46.224924116638576,-3.000119383639941,1.999879864946304,42.4022521713589,36496.977277490216
5,0,100,15.955382347106934,44801242215,-4.260076178507501,-0.825795166448378,-14.016775693477985,-5.420114144049511,-1.000036080402431,15.002294807637739,1558659.4614723518
6,0,100,16.407076597213745,46069587913,-7.18336229023349,0.1709457805461767,49.137522230844816,-5.420329651874257,-3.0001506065818058,71.62152674667016,1946677255.4535582
7,0,100,16.033463716506958,45020545724,6.243473930464376,-3.2350351111270257,-101.3787863780005,-5.99999837351753,-5.000135023812119,88.238202386171,5904047.458947452
8,0,100,16.229910135269165,45572176256,-0.7802690102726331,6.634956991058157,8.273470049217952,-0.0002890359263720138,-8.000158586774557,16.048732313356957,15745239.199333718
9,0,100,15.706233263015747,44101765665,-5.158342493220804,1.4108661586639393,-24.599936532107865,6.4501395615586645,1.9999381152545757,154.70003860466974,4.506099064561325e+16
10,0,100,16.417585849761963,46099206907,-3.044587680208595,4.13034339982619,-5.4544373341091426,5.021708359640002,-1.08924846185625,136.5092190571473,866803360827.2686
11,0,100,15.938947677612305,44755256772,1.8821114014443374,-4.307343390778923,41.056329907191895,1.999913251770487,4.999933416250547,30.00543586718581,404133.4251045428
12,0,100,16.510935068130493,46361374086,0.6362992154324765,7.487091450010109,25.431666429599005,1.5000866460446391,7.000010947196477,179.9131297498346,2209078993.799426
13,0,100,15.795623779296875,44352862329,-6.226192393622711,1.3549158714022251,24.30057587204319,-4.700010186307671,7.000112061764319,-45.26106921736535,23666060029.574257
14,0,100,16.12541103363037,45278901080,-6.958447852408856,-0.6587285870725541,-13.816578415665024,-6.000061560547011,-3.0000167121255834,10.00811840024439,18056159.7555559
15,0,100,15.591036081314087,43778438593,1.1348903351416926,4.114801533478774,38.848524077410524,3.0000039112890735,-3.9985081547477384,87.3108289600759,1696792032.7051342
16,0,100,15.742142915725708,44202755447,3.2375471158576374,3.2988616120171734,-47.86034517887822,0.9999999948078133,-4.500000071115526,-87.6625936743308,86203.1444047812
17,0,100,16.4359450340271,46150920328,4.1469647270137635,-1.062630484232086,50.384241053559776,4.000000028359814,0.5000000330400278,49.427605890624385,35879.05031353963
18,0,100,16.582125186920166,46561406414,3.5162396967067213,-1.18829638127988,-58.12726275014811,3.333300038718205,2.2221999547091227,-49.427672646890244,2509571.9000650416
19,0,100,16.291877508163452,45746429333,2.8645748466942234,4.246006961439642,1.5852044635151987,3.1500005606344668,-3.7999999542975864,4.99998631243842,19013.016194621276
0,1,100,6.0007007122039795,16849546308,-0.4011547099046151,0.3873107048844986,-179.17347692585986,0.0,0.0,0.0,117177.84545660147
1,1,100,5.004231214523315,14051531782,4.252718991851971,-1.1558754704985699,50.00257886469476,3.9997745353039256,1.9999103113884145,44.99995148008031,226428.61944492746
2,1,100,5.252333402633667,14748187995,-5.229297261581195,0.9132037719782105,12.387186421701568,-3.9999999318331416,-4.999999883022972,60.00005084726444,1395353.9248644502
3,1,100,5.448393821716309,15298712626,0.41063149249060515,1.420428495039145,-3.193939335565927,0.0,1.0000000000638591,179.9997473002663,75273.95095264899
4,1,100,5.813292741775513,16323326329,3.3501141660805125,4.238341133728081,179.42175654266393,-3.000119383639941,1.999879864946304,42.4022521713589,127156.87158963243
5,1,100,6.673326253890991,18738244658,-3.72047494105328,3.6218671583866087,43.84592967211691,-5.420114144049511,-1.000036080402431,15.002294807637739,293433.57422662416
6,1,100,5.976414918899536,16781368186,-4.379226658242771,3.586835126173751,81.43519216783685,-5.420329651874257,-3.0001506065818058,71.62152674667016,30537.982540963134
7,1,100,5.161288499832153,14492549249,-6.201797633364568,-0.35579974425461103,46.41886537157682,-5.99999837351753,-5.000135023812119,88.238202386171,856906.3985106767
8,1,100,5.273029088973999,14806310918,1.676139992679012,-7.066619983501777,-177.57232214927296,-0.0002890359263720138,-8.000158586774557,16.048732313356957,338865.7558867087
9,1,100,5.5665671825408936,15630549077,6.5601527239574615,-1.4079288073272789,152.79605308197998,6.4501395615586645,1.9999381152545757,154.70003860466974,27131.246125565205
10,1,100,5.489078998565674,15412967955,-5.009280984876637,-0.015593306203655288,-42.060063340817166,5.021708359640002,-1.08924846185625,136.5092190571473,2850915.831024679
11,1,100,5.15550422668457,14476314159,-5.427887723844668,-2.2586653855000103,124.09385815960019,1.999913251770487,4.999933416250547,30.00543586718581,335724.3477440712
12,1,100,5.130730390548706,14406754327,1.331180803681674,-6.803667260901912,-179.82892176668247,1.5000866460446391,7.000010947196477,179.9131297498346,23779.733119506032
13,1,100,5.300896406173706,14884570352,-1.862100916997429,-8.660749021021095,-76.04759891883529,-4.700010186307671,7.000112061764319,-45.26106921736535,77558232.38280961
14,1,100,5.405051231384277,15177030816,6.320435323650685,-1.2154220366931554,-179.79714827391302,-6.000061560547011,-3.0000167121255834,10.00811840024439,254386605.79504046
15,1,100,5.654264211654663,15876807063,-1.3893931486284075,-3.2946861976292663,-115.30284681816691,3.0000039112890735,-3.9985081547477384,87.3108289600759,927487.646820511
16,1,100,4.884308338165283,13714822503,-4.094552433205851,0.6536273057729396,179.30619497749058,0.9999999948078133,-4.500000071115526,-87.6625936743308,26777.07006235367
17,1,100,5.525190591812134,15514380916,-4.08803327872732,1.0858567182292926,-135.9695441972622,4.000000028359814,0.5000000330400278,49.427605890624385,69914.3018786969
18,1,100,5.658473014831543,15888631070,3.3929278354975807,-1.9560640822360078,-46.37058320226965,3.333300038718205,2.2221999547091227,-49.427672646890244,18860.938872086077
19,1,100,5.9417712688446045,16684115420,3.4233145105603207,3.9242153839698055,6.921623002307372,3.1500005606344668,-3.7999999542975864,4.99998631243842,11456.90178265585
0,2,100,7.965230464935303,22365864346,0.5853819225839878,-0.3672074876437055,-7.071513910563311,0.0,0.0,0.0,34279.48597187664
1,2,100,7.227480173110962,20294310715,3.923632699642173,-1.080630137079666,42.30655189897358,3.9997745353039256,1.9999103113884145,44.99995148008031,629002.5221693232
2,2,100,7.1637914180755615,20115479820,-4.637995922521552,3.2778816387548453,35.08132529554405,-3.9999999318331416,-4.999999883022972,60.00005084726444,5763634563.205773
3,2,100,7.509706020355225,21086789744,-0.09477875799958824,-0.9090451377920115,-180.0,0.0,1.0000000000638591,179.9997473002663,11380.973235345817
4,2,100,7.2598021030426025,20385077969,3.2635329839517198,3.6697642782945206,-180.0,-3.000119383639941,1.999879864946304,42.4022521713589,273271.6902851276
5,2,100,6.911444425582886,19406913706,-6.515857320008382,2.701456036206279,26.15656173007749,-5.420114144049511,-1.000036080402431,15.002294807637739,12121097.606439153
6,2,100,7.206683874130249,20235931933,-5.396336966391978,2.9667682008476177,76.52434491839051,-5.420329651874257,-3.0001506065818058,71.62152674667016,216940.9766538851
7,2,100,6.461447238922119,18143354325,-5.528060304688613,-3.7228379345297293,12.746713000483055,-5.99999837351753,-5.000135023812119,88.238202386171,2500757707.765687
8,2,100,6.880624771118164,19320381919,1.7534471641624325,-6.843454629950941,180.0,-0.0002890359263720138,-8.000158586774557,16.048732313356957,664584.6295080847
9,2,100,6.902342796325684,19381366315,-6.185607271555419,0.6949266663043581,-40.369752493430966,6.4501395615586645,1.9999381152545757,154.70003860466974,1800576891.5777435
10,2,100,7.4286887645721436,20859318304,-5.604082590777758,-0.43924067550796053,-43.55176941046966,5.021708359640002,-1.08924846185625,136.5092190571473,2240003.8594037485
11,2,100,6.978289842605591,19594626542,-2.378732854564835,5.3701260520232985,-147.16277911063554,1.999913251770487,4.999933416250547,30.00543586718581,1201768.758757121
12,2,100,6.665801763534546,18717182121,1.0796787070225555,-6.814438586789328,-180.0,1.5000866460446391,7.000010947196477,179.9131297498346,26680.83492431093
13,2,100,6.877007246017456,19310235901,-4.897825502339299,-5.962302881765002,-38.995678170795124,-4.700010186307671,7.000112061764319,-45.26106921736535,139531.6767128738
14,2,100,7.397104978561401,20770643337,5.141959244061386,-3.623399239532528,-157.8532697053245,-6.000061560547011,-3.0000167121255834,10.00811840024439,224100.7073097259
15,2,100,7.698214054107666,21616141720,1.6648931952248294,3.8802804828650945,68.39147951484665,3.0000039112890735,-3.9985081547477384,87.3108289600759,411448.6891710889
16,2,100,7.48710823059082,21023371829,-4.199759772333341,0.5375987329450957,-180.0,0.9999999948078133,-4.500000071115526,-87.6625936743308,26168.324134079747
17,2,100,7.452361106872559,20925805555,4.859327811187557,-0.7885665330285718,50.76141520291384,4.000000028359814,0.5000000330400278,49.427605890624385,109257.86241439308
18,2,100,7.417303800582886,20827369594,2.1282725331938117,-2.1125098186527023,-44.58092369987469,3.333300038718205,2.2221999547091227,-49.427672646890244,245061.6646993182
19,2,100,7.598942995071411,21337404664,-3.018328105893418,-2.8914685011941144,-180.0,3.1500005606344668,-3.7999999542975864,4.99998631243842,60027.10605071607
0,3,100,14.63124966621399,41083731710,-8.643634092919683e-07,0.5091405786667327,175.69074143644886,0.0,0.0,0.0,91399.4393298917
1,3,100,12.34043025970459,34651246326,-2.1999997778926073,-4.5243371156879615,131.72187266617368,3.9997745353039256,1.9999103113884145,44.99995148008031,101038.27444281719
2,3,100,16.437437295913696,46155425333,6.000000085170221,0.9999999747568893,178.76648228619194,-3.9999999318331416,-4.999999883022972,60.00005084726444,295208869455.50336
3,3,100,14.523233652114868,40780454435,0.40000164042550956,1.3999997732912846,-3.2083565953537105,0.0,1.0000000000638591,179.9997473002663,71131.09520747191
4,3,100,15.049081325531006,42257014867,2.974731902596597,3.8000000011391055,-168.90641681830598,-3.000119383639941,1.999879864946304,42.4022521713589,124101.01762193744
5,3,100,16.23968243598938,45600170767,-5.199999502512179,1.2000003602316731,16.78018750771965,-5.420114144049511,-1.000036080402431,15.002294807637739,11578.398959267637
6,3,100,15.575371026992798,43734827105,-4.645876756112167,3.195192904961276,76.79045964603353,-5.420329651874257,-3.0001506065818058,71.62152674667016,25248.18321479957
7,3,100,15.723952531814575,44152046297,6.799987545165674,0.7999998473982188,-139.5071087002711,-5.99999837351753,-5.000135023812119,88.238202386171,157874626.4331724
8,3,100,13.838099241256714,38856674332,-6.599999885672414,-0.3999992530192653,-89.82336690623191,-0.0002890359263720138,-8.000158586774557,16.048732313356957,1737133166.6063068
9,3,100,14.62748670578003,41073240705,0.20000958907495736,8.400000055189803,24.877777234990976,6.4501395615586645,1.9999381152545757,154.70003860466974,1.6171746860992164e+16
10,3,100,16.17645573616028,45422674354,4.999987135889324,1.135775424740599,136.67033887815955,5.021708359640002,-1.08924846185625,136.5092190571473,12140.472200031845
11,3,100,12.159133195877075,34142241651,-2.3999993656154706,5.6000000340899145,-148.95764730237792,1.999913251770487,4.999933416250547,30.00543586718581,219739.86936534743
12,3,100,13.84801721572876,38884548202,-6.400000002438521,-0.20000063400651769,-89.82380110775051,1.5000866460446391,7.000010947196477,179.9131297498346,8252262.914415168
13,3,100,15.823322057723999,44431113719,3.7904720152175777,7.599999941408356,127.474376581629,-4.700010186307671,7.000112061764319,-45.26106921736535,48755.20545308188
14,3,100,16.631762981414795,46701184884,6.599900629514213,1.1077019764312404,157.37157232226784,-6.000061560547011,-3.0000167121255834,10.00811840024439,8493754.044171778
15,3,100,15.281803369522095,42910570912,2.9999999181893457,3.9780810175130448,87.30888731123987,3.0000039112890735,-3.9985081547477384,87.3108289600759,11143.456575731549
16,3,100,12.788472414016724,35909422104,-3.400004022140049,-2.4000023102668155,137.65397402086387,0.9999999948078133,-4.500000071115526,-87.6625936743308,19623.385571436218
17,3,100,12.990594863891602,36476976803,-3.6000003488593713,-2.1205133412575154,174.59475739190353,4.000000028359814,0.5000000330400278,49.427605890624385,1443271.7902821214
18,3,100,14.077250242233276,39528258852,2.9945819215936265,-1.912229109870104,-43.215205779085274,3.333300038718205,2.2221999547091227,-49.427672646890244,19285.54952573708
19,3,100,12.916184425354004,36268043909,3.318320336060296,3.8750338876200985,6.25199621794918,3.1500005606344668,-3.7999999542975864,4.99998631243842,10948.150871554995
0,0,200,32.66531276702881,91722693943,0.027566096321113065,0.23509380679825753,1.6753768190312688,0.0,0.0,0.0,12343.830226662269
1,0,200,32.557793617248535,91420810614,3.720103211445114,-1.6534157155732299,36.278672349555386,3.9997745353039256,1.9999103113884145,44.99995148008031,717614.5932041574
2,0,200,33.16134977340698,93115593201,-5.562086514346888,3.087005278084158,29.63865702968631,-3.9999999318331416,-4.999999883022972,60.00005084726444,292251451482.3746
3,0,200,32.38792610168457,90943875372,0.41478511435331633,1.2341611441511304,-3.462653281340117,0.0,1.0000000000638591,179.9997473002663,96454.08476120993
4,0,200,33.677411794662476,94564715689,-2.1847641776530162,-0.7935655438058209,68.7743599648869,-3.000119383639941,1.999879864946304,42.4022521713589,28556812.273609255
5,0,200,35.03528594970703,98377589751,-5.62666759316147,0.357913396469554,10.592044806512318,-5.420114144049511,-1.000036080402431,15.002294807637739,78003.5003181344
6,0,200,35.02060890197754,98336396981,8.331506754367169,-0.921147896497537,-127.52873221540757,-5.420329651874257,-3.0001506065818058,71.62152674667016,83120495497158.94
7,0,200,34.011035680770874,95501577140,0.4233133850307649,-7.166047899494147,-35.6594066027589,-5.99999837351753,-5.000135023812119,88.238202386171,121478030.73619364
8,0,200,33.53344750404358,94160546678,-0.48003610903949046,7.122141184927688,9.207804189836631,-0.0002890359263720138,-8.000158586774557,16.048732313356957,436469.2144637548
9,0,200,33.049187660217285,92800780165,5.425768426723479,-0.7377763630298535,141.87234442481443,6.4501395615586645,1.9999381152545757,154.70003860466974,23281772.22891704
10,0,200,34.250221967697144,96173250342,3.6878887709532115,2.003111191217295,123.42452095010731,5.021708359640002,-1.08924846185625,136.5092190571473,12957162.839467188
11,0,200,34.31124401092529,96344612186,2.084069479809857,-5.959718871346258,28.56469851884536,1.999913251770487,4.999933416250547,30.00543586718581,248718.0676689809
12,0,200,34.16075158119202,95922049225,-1.0203376208169956,6.922364043053271,-0.20636082002712186,1.5000866460446391,7.000010947196477,179.9131297498346,179147.02711766787
13,0,200,33.723626136779785,94694629911,4.70490468622679,6.588387787233994,137.2984917918104,-4.700010186307671,7.000112061764319,-45.26106921736535,1812826.3689334607
14,0,200,33.085211992263794,92901998217,-6.826714214431649,-0.7279754993553045,-17.254918442054457,-6.000061560547011,-3.0000167121255834,10.00811840024439,2575021.04399028
15,0,200,34.86375188827515,97896080321,2.329657218243897,4.011058551923028,75.73683101574052,3.0000039112890735,-3.9985081547477384,87.3108289600759,38055.43009772576
16,0,200,34.482227087020874,96824783549,4.575918236173788,0.6793721689351226,2.997544359877982,0.9999999948078133,-4.500000071115526,-87.6625936743308,270696.7821628597
17,0,200,34.50078058242798,96876892131,3.7254778425184583,-0.9940992920696363,46.658576759053624,4.000000028359814,0.5000000330400278,49.427605890624385,44548.766165052744
18,0,200,34.87816095352173,97936569216,-3.505811241013088,-0.6050146265327356,92.3879238058717,3.333300038718205,2.2221999547091227,-49.427672646890244,534403.3948154255
19,0,200,35.25715112686157,99001034607,2.3480784711566294,3.219802699710069,-10.516078199687932,3.1500005606344668,-3.7999999542975864,4.99998631243842,326209.94150122255
0,1,200,13.52530026435852,37978721134,0.21024436825872783,0.1827450889218909,0.9408868351727802,0.0,0.0,0.0,11044.096881646095
1,1,200,10.056398868560791,28238127417,4.150846291899869,-1.8801770656636059,44.98075933335625,3.9997745353039256,1.9999103113884145,44.99995148008031,12421.38217690017
2,1,200,11.356802225112915,31889627739,-4.826856136256202,3.645808229406084,40.645400713700624,-3.9999999318331416,-4.999999883022972,60.00005084726444,409743267.5698446
3,1,200,10.85462737083435,30479530796,0.47451611750762446,1.5179258770551929,-3.01392670820951,0.0,1.0000000000638591,179.9997473002663,78905.88768516481
4,1,200,11.373904466629028,31937645477,3.3882502286459353,2.1674793431723067,-136.1394562649476,-3.000119383639941,1.999879864946304,42.4022521713589,72607.37042487069
5,1,200,10.317274332046509,28970652726,-4.592849117204871,2.180942948054067,23.715406286790635,-5.420114144049511,-1.000036080402431,15.002294807637739,91974.88218177337
6,1,200,10.974639415740967,30816515824,6.790306088079049,0.563142505644258,-136.7063780131226,-5.420329651874257,-3.0001506065818058,71.62152674667016,2906512.629979184
7,1,200,10.52097749710083,29542643728,-6.1445417066918635,0.01519524247343007,47.88295545325887,-5.99999837351753,-5.000135023812119,88.238202386171,2027481.1549998452
8,1,200,10.346035957336426,29051410472,1.204263268830017,-7.114839377530552,-174.71269833116045,-0.0002890359263720138,-8.000158586774557,16.048732313356957,181386.78041845915
9,1,200,10.959431648254395,30773808735,-5.809028235949407,2.881484758053144,-20.959662918864545,6.4501395615586645,1.9999381152545757,154.70003860466974,1997470943.5168061
10,1,200,10.825896263122559,30398842494,4.933102318393146,1.140895682615188,136.30010594043816,5.021708359640002,-1.08924846185625,136.5092190571473,13124.775322757147
11,1,200,9.776735067367554,27452822997,3.2822872934643392,6.180181943939704,-100.8497992322921,1.999913251770487,4.999933416250547,30.00543586718581,2709508.4707100256
12,1,200,10.048815488815308,28216816627,1.625854193593824,-6.663238772829476,178.2828612485942,1.5000866460446391,7.000010947196477,179.9131297498346,20053.785565187412
13,1,200,11.78471827507019,33091185913,-4.837606083970569,-5.735930521107736,-41.18176206023037,-4.700010186307671,7.000112061764319,-45.26106921736535,109893.02496679935
14,1,200,10.864758014678955,30507959077,6.248395379489104,-1.4068625744997423,-179.56745978781655,-6.000061560547011,-3.0000167121255834,10.00811840024439,101484862.68331017
15,1,200,10.584741592407227,29721680151,1.2424427834119474,4.247032546158934,38.64084821288897,3.0000039112890735,-3.9985081547477384,87.3108289600759,25228282.135695353
16,1,200,10.58698034286499,29727965697,-2.2763313372044074,3.6034902273640324,-132.96637628572498,0.9999999948078133,-4.500000071115526,-87.6625936743308,19919.46564955717
17,1,200,10.482539653778076,29434696337,-3.5838762330526057,-2.2218268930795224,-179.21881249882415,4.000000028359814,0.5000000330400278,49.427605890624385,1931433.6428725333
18,1,200,10.58007001876831,29708557626,3.347866718217853,-1.6313324480248053,-47.15509058534293,3.333300038718205,2.2221999547091227,-49.427672646890244,22969.22158429563
19,1,200,12.0045645236969,33708499659,-3.013385703056559,-2.913320590844867,-179.79042187156193,3.1500005606344668,-3.7999999542975864,4.99998631243842,56521.33695495599
0,2,200,8.140369415283203,22857941707,-0.09736673455446443,0.2284139338330231,179.24624655699873,0.0,0.0,0.0,133904.08058592153
1,2,200,7.6485021114349365,21476790498,-4.515035704009468,2.1085796726622146,-139.0467423386257,3.9997745353039256,1.9999103113884145,44.99995148008031,203847.2079476398
2,2,200,7.769401788711548,21816273673,-6.477956366537349,2.251989664632754,20.824297898455058,-3.9999999318331416,-4.999999883022972,60.00005084726444,815464192018.9492
3,2,200,7.714109897613525,21661014133,-0.1256533218010194,-1.020688671042457,180.0,0.0,1.0000000000638591,179.9997473002663,11967.534588078812
4,2,200,7.705306053161621,21636292251,3.3779655404808153,4.041260282379788,180.0,-3.000119383639941,1.999879864946304,42.4022521713589,177619.8301506055
5,2,200,7.932669401168823,22274723627,-5.600998807368447,0.4485994978889529,10.236487388662454,-5.420114144049511,-1.000036080402431,15.002294807637739,105525.37905993147
6,2,200,7.7450644969940186,21747932088,6.68325359422105,1.6806211474092105,-139.15295924586434,-5.420329651874257,-3.0001506065818058,71.62152674667016,258562509585.9699
7,2,200,7.144874095916748,20062614179,-5.759215153150237,0.18918155743910248,47.99317841851402,-5.99999837351753,-5.000135023812119,88.238202386171,34725721.81407834
8,2,200,6.950925588607788,19518011411,1.3996629789328399,-7.614571103884283,180.0,-0.0002890359263720138,-8.000158586774557,16.048732313356957,17682257.76971363
9,2,200,7.173652410507202,20143420307,6.408798461799119,-1.170985774041844,146.94685086921191,6.4501395615586645,1.9999381152545757,154.70003860466974,224296.56961206204
10,2,200,7.672248601913452,21543464874,-5.044919329926893,-0.5989451844888478,-51.10207198788976,5.021708359640002,-1.08924846185625,136.5092190571473,1257295.167406809
11,2,200,7.051084041595459,19799251094,3.2691250068209854,6.443963131452069,-104.94905929010636,1.999913251770487,4.999933416250547,30.00543586718581,10322574.558418738
12,2,200,7.108824014663696,19961383667,1.6503697529626606,-5.899726891859239,-180.0,1.5000866460446391,7.000010947196477,179.9131297498346,3266714.192961558
13,2,200,7.540235757827759,21172774953,5.554390978815091,5.950457909160226,144.0280859804534,-4.700010186307671,7.000112061764319,-45.26106921736535,1901733.0748855197
14,2,200,8.061057567596436,22635228011,4.639215033568526,-3.4095169308513427,-160.285289320508,-6.000061560547011,-3.0000167121255834,10.00811840024439,627038.188100512
15,2,200,8.07422137260437,22672191456,2.4971520411019252,3.258276796073492,83.55108768263298,3.0000039112890735,-3.9985081547477384,87.3108289600759,88576.04889661328
16,2,200,7.957888126373291,22345530020,-4.0673205674662265,0.4869969635573401,-180.0,0.9999999948078133,-4.500000071115526,-87.6625936743308,27766.671250302315
17,2,200,7.854032278060913,22053905482,4.526737453244259,-0.598182916545122,42.48723893601429,4.000000028359814,0.5000000330400278,49.427605890624385,36978.33088042726
18,2,200,8.103510618209839,22754433185,-4.16773713772498,-1.3537328180241506,85.04647463056993,3.333300038718205,2.2221999547091227,-49.427672646890244,3058532.9188006106
19,2,200,7.805690050125122,21918161010,3.945389965944763,3.3736612520383975,13.464444964781613,3.1500005606344668,-3.7999999542975864,4.99998631243842,40292.787590181855
0,3,200,27.98469829559326,78580245809,0.20509957324144956,0.1578619138639823,0.7025169514391862,0.0,0.0,0.0,10987.630961140878
1,3,200,23.706275701522827,66566550474,-4.999999999849141,-0.8114567928503948,-180.0,3.9997745353039256,1.9999103113884145,44.99995148008031,1551023.84703614
2,3,200,31.86304211616516,89470514579,0.6000000395989602,-5.400005700035204,-78.04230846169297,-3.9999999318331416,-4.999999883022972,60.00005084726444,1265803.5712854736
3,3,200,27.911173820495605,78373775193,-2.0667291877884963e-07,-0.9180078647861052,179.8602598148147,0.0,1.0000000000638591,179.9997473002663,11006.848229060113
4,3,200,29.391180753707886,82529586598,3.2000000006543434,3.9990604841623707,-179.9840389146404,-3.000119383639941,1.999879864946304,42.4022521713589,118452.1198762689
5,3,200,31.84506344795227,89420011395,-5.271163900430209,1.2000000777269584,16.495962676950164,-5.420114144049511,-1.000036080402431,15.002294807637739,11641.346813187476
6,3,200,30.75537872314453,86360204076,6.000000006235187,-2.2000002247543735,-114.79088478946484,-5.420329651874257,-3.0001506065818058,71.62152674667016,113281.56923880993
7,3,200,30.973716497421265,86973283999,-6.514609906301175,-0.39999999966365785,45.970574193857246,-5.99999837351753,-5.000135023812119,88.238202386171,455588.85321602866
8,3,200,26.930076122283936,75618856900,1.600000593113391,-6.999999997919803,179.95759072977768,-0.0002890359263720138,-8.000158586774557,16.048732313356957,486883.5206606853
9,3,200,31.772639989852905,89216629563,-6.6000009202097285,1.5999999967353506,-31.27454975448694,6.4501395615586645,1.9999381152545757,154.70003860466974,3353260.672644912
10,3,200,31.92148780822754,89634583741,-5.0000005991050465,-1.000000261297295,-47.76751322408613,5.021708359640002,-1.08924846185625,136.5092190571473,250110.718039326
11,3,200,24.95114254951477,70062060334,2.199999903285489,-5.000000179529911,29.36656564361748,1.999913251770487,4.999933416250547,30.00543586718581,11393.337468508269
12,3,200,27.807570934295654,78082822288,6.00000001610341,2.7999999821273907,68.04245270239689,1.5000866460446391,7.000010947196477,179.9131297498346,2962284667.2445064
13,3,200,31.10197877883911,87333417381,7.46803203071962,2.524071482830239,179.69821996710868,-4.700010186307671,7.000112061764319,-45.26106921736535,949778.5384495406
14,3,200,31.57329773902893,88656863522,5.368090149389468,-3.2280787601526066,-159.6054662439805,-6.000061560547011,-3.0000167121255834,10.00811840024439,100460.81592292467
15,3,200,30.079270601272583,84461676257,3.049143819062744,3.9783783571256635,87.61262917923331,3.0000039112890735,-3.9985081547477384,87.3108289600759,11264.939260858462
16,3,200,24.385010242462158,68472366092,-4.2190271599704365,0.5382444219568026,-177.03128259538403,0.9999999948078133,-4.500000071115526,-87.6625936743308,20587.280564552417
17,3,200,25.503403186798096,71612777030,-1.0000000634202522,-4.252922898100508,133.98423916911855,4.000000028359814,0.5000000330400278,49.427605890624385,61118.208865615
18,3,200,28.24869203567505,79321461725,-3.9999990059146286,-0.6000000703669741,90.70278025681462,3.333300038718205,2.2221999547091227,-49.427672646890244,269168.4894496452
19,3,200,25.617342472076416,71932710873,-3.000000018556854,-2.9703797231024733,-179.51461641208115,3.1500005606344668,-3.7999999542975864,4.99998631243842,55286.43447531135
0,0,300,49.16173005104065,138044623400,0.14447708442751406,0.06215717940834509,0.7310634518645482,0.0,0.0,0.0,11478.829209862155
1,0,300,48.3198356628418,135680603234,3.6119429724577046,-1.6061557019322468,46.03877892132536,3.9997745353039256,1.9999103113884145,44.99995148008031,233693.63634664568
2,0,300,47.62736749649048,133736171377,-5.624493318495539,0.30678759713732795,9.86612847181388,-3.9999999318331416,-4.999999883022972,60.00005084726444,6015856.169125261
3,0,300,48.82505679130554,137099239625,0.1515965048744068,-0.5822487851479394,174.90667703492238,0.0,1.0000000000638591,179.9997473002663,18094.779785423703
4,0,300,48.61066508293152,136497230142,-2.2227659996492894,-2.2936963001101756,38.69263193581051,-3.000119383639941,1.999879864946304,42.4022521713589,94262.2727977153
5,0,300,50.02613973617554,140471836667,-5.628641330371084,0.08899624253165861,9.431285455566037,-5.420114144049511,-1.000036080402431,15.002294807637739,192081.27850579136
6,0,300,49.096251249313354,137860733798,-3.900856630180437,4.230383853279651,77.66511759026844,-5.420329651874257,-3.0001506065818058,71.62152674667016,631351385451.9141
7,0,300,49.47669196128845,138928995133,-5.8686778714395125,-0.6846801961468749,43.486825261681915,-5.99999837351753,-5.000135023812119,88.238202386171,6868379.973348701
8,0,300,48.36198878288269,135798942327,0.5052056053156733,8.539134297722821,16.78705925652964,-0.0002890359263720138,-8.000158586774557,16.048732313356957,232622.3462330796
9,0,300,49.27011179924011,138348921196,6.7363961931953575,-0.27873628676894135,143.0957381464304,6.4501395615586645,1.9999381152545757,154.70003860466974,4111212.93911606
10,0,300,49.17337203025818,138077275133,-4.690245422769934,-1.2617406905345163,-52.323338269460606,5.021708359640002,-1.08924846185625,136.5092190571473,959689.8947754448
11,0,300,48.87958002090454,137252314606,1.6039191214828374,-5.703165316284586,30.939512844137795,1.999913251770487,4.999933416250547,30.00543586718581,199333.39356281632
12,0,300,48.58448934555054,136423706865,-0.3312709917520138,7.975143209282532,8.886900533210689,1.5000866460446391,7.000010947196477,179.9131297498346,3298451.7979895435
13,0,300,48.59365487098694,136449443512,4.22412719883873,6.826209334636253,134.02812325161352,-4.700010186307671,7.000112061764319,-45.26106921736535,815513.5710020176
14,0,300,49.445080518722534,138840216620,-5.864233642283461,0.6004797695292723,-1.8967867751644762,-6.000061560547011,-3.0000167121255834,10.00811840024439,12962606.7451944
15,0,300,48.7991361618042,137026421998,1.1683169240092077,3.1667001754888737,37.76651187573451,3.0000039112890735,-3.9985081547477384,87.3108289600759,31587483310.55634
16,0,300,49.00287652015686,137598518491,-1.8773645861233401,3.7051563927518743,-128.84265056957125,0.9999999948078133,-4.500000071115526,-87.6625936743308,38327.35654622065
17,0,300,48.53712010383606,136290688488,4.144838383879819,-0.7481200857813235,51.24607330896685,4.000000028359814,0.5000000330400278,49.427605890624385,20567.73185551618
18,0,300,48.888649463653564,137277769853,3.2891505987970113,-1.8193251496714211,-44.7816076582138,3.333300038718205,2.2221999547091227,-49.427672646890244,22555.82479118491
19,0,300,48.50196170806885,136191962673,3.0101541593591925,3.08521592394416,2.5443990274992814,3.1500005606344668,-3.7999999542975864,4.99998631243842,84962.49278937012
0,1,300,17.746360540390015,49831215692,0.16302379154907953,0.06134274119686722,0.31047357391612707,0.0,0.0,0.0,11244.876221065853
1,1,300,14.634852647781372,41094200029,4.078269181564137,-1.9677064215654632,46.41706570730107,3.9997745353039256,1.9999103113884145,44.99995148008031,11283.33506137382
2,1,300,16.203059911727905,45497676720,-5.000287300469618,0.37027751884090776,9.815176591743167,-3.9999999318331416,-4.999999883022972,60.00005084726444,1252270.980216582
3,1,300,16.900584936141968,47456303917,0.48488186590669713,1.7246069842170684,8.569155006348227,0.0,1.0000000000638591,179.9997473002663,118406.99802647012
4,1,300,16.586687803268433,46574891030,3.3889592769836074,2.1880158843787356,-136.27236776151292,-3.000119383639941,1.999879864946304,42.4022521713589,67673.87980510361
5,1,300,16.251269102096558,45633046176,-5.150875153189261,1.4639393855735783,17.529398491200503,-5.420114144049511,-1.000036080402431,15.002294807637739,15254.052463187056
6,1,300,16.73590636253357,46992318493,6.629338060788758,-1.7025170349671885,-120.0847856659896,-5.420329651874257,-3.0001506065818058,71.62152674667016,288917.4122697528
7,1,300,16.16729712486267,45394507328,-5.932398436898205,3.5761996103304003,82.20150245940181,-5.99999837351753,-5.000135023812119,88.238202386171,68329.50082948263
8,1,300,14.796692132949829,41546191576,0.21843757630300864,-7.374338724457687,-168.12743674844424,-0.0002890359263720138,-8.000158586774557,16.048732313356957,56124.26778488969
9,1,300,16.165379524230957,45389266765,6.549928523906459,-1.7984577902407999,153.6226633861039,6.4501395615586645,1.9999381152545757,154.70003860466974,14152.487719697088
10,1,300,15.46260380744934,43416073348,-5.000492349030112,-0.8509971380152361,-45.6841616511917,5.021708359640002,-1.08924846185625,136.5092190571473,299407.1057488706
11,1,300,14.986965417861938,42080630430,2.1830135714161187,-4.920984156256608,32.87796284436891,1.999913251770487,4.999933416250547,30.00543586718581,12452.31683345989
12,1,300,14.723179578781128,41340025067,1.3560675251707348,-6.803658571082088,-180.0,1.5000866460446391,7.000010947196477,179.9131297498346,24635.04884559204
13,1,300,16.802043676376343,47177166457,3.7986132852695764,7.586760886776872,127.70143807649441,-4.700010186307671,7.000112061764319,-45.26106921736535,55368.17482881684
14,1,300,15.490542888641357,43494764208,6.356536517375808,-1.0037058273322579,178.56391127482703,-6.000061560547011,-3.0000167121255834,10.00811840024439,187500278.6399547
15,1,300,17.65778422355652,49580071682,3.069939424014221,3.9215264173049214,87.72361572015177,3.0000039112890735,-3.9985081547477384,87.3108289600759,11356.898860144724
16,1,300,14.919405937194824,41891222905,-0.875663609269111,-3.793909498838067,97.38759741355206,0.9999999948078133,-4.500000071115526,-87.6625936743308,32528.246537650728
17,1,300,14.812398910522461,41590813293,-4.03674228518299,1.102824570039397,-135.8758991999992,4.000000028359814,0.5000000330400278,49.427605890624385,72892.09447388358
18,1,300,16.377037525177002,45984118167,3.3364025003818316,-1.749679303669657,-47.567895953257676,3.333300038718205,2.2221999547091227,-49.427672646890244,19749.347271174352
19,1,300,17.969953060150146,50456837145,-3.000249961977767,-2.9776980713621315,-179.37029540298568,3.1500005606344668,-3.7999999542975864,4.99998631243842,55306.40002248871
0,2,300,8.571154356002808,24066492989,-0.4671445453600569,0.5745192433753648,180.0,0.0,0.0,0.0,184637.43570388138
1,2,300,8.116871118545532,22790948754,4.442494716819208,-1.975205942555922,49.66240262992628,3.9997745353039256,1.9999103113884145,44.99995148008031,36121.60637392373
2,2,300,8.319258213043213,23359234408,-5.318190731165446,-1.927867900990055,-7.6167299018084975,-3.9999999318331416,-4.999999883022972,60.00005084726444,77831909971.11044
3,2,300,8.261000156402588,23195667696,-0.0014639895773580491,-0.8618452912772945,-180.0,0.0,1.0000000000638591,179.9997473002663,11110.199092667242
4,2,300,8.24725890159607,23157097232,4.0626097349337265,2.0119952741748186,-147.4033933649627,-3.000119383639941,1.999879864946304,42.4022521713589,1086830.9017508083
5,2,300,8.521742582321167,23927820321,-5.740922227590898,2.7091613972052055,29.93460967341712,-5.420114144049511,-1.000036080402431,15.002294807637739,7677279.038166821
6,2,300,8.426657676696777,23660847221,-5.4316653804998305,2.2815336962406327,63.59185797737706,-5.420329651874257,-3.0001506065818058,71.62152674667016,31485857666.885174
7,2,300,7.732649326324463,21712182827,-8.218150091104247,-2.7667880987310145,38.37433538668129,-5.99999837351753,-5.000135023812119,88.238202386171,311501511703.9504
8,2,300,7.791318416595459,21876927575,1.0917176143681573,-6.166418971275778,180.0,-0.0002890359263720138,-8.000158586774557,16.048732313356957,40343723.243991606
9,2,300,7.722472190856934,21683628291,5.707927567988428,-0.5170777943052247,148.83438429420193,6.4501395615586645,1.9999381152545757,154.70003860466974,7242267.074257405
10,2,300,8.411668300628662,23618806176,5.573325566563076,1.3515539555465068,129.4602216708048,5.021708359640002,-1.08924846185625,136.5092190571473,696671.9457887359
11,2,300,7.760976076126099,21791763019,-5.969178021846359,-1.5814818804730741,133.1265006418201,1.999913251770487,4.999933416250547,30.00543586718581,5866807.850938468
12,2,300,7.797394514083862,21894031230,1.5141622683990636,-7.324368011531034,-180.0,1.5000866460446391,7.000010947196477,179.9131297498346,150452.30821589005
13,2,300,8.323194742202759,23370417379,7.237250501247438,2.6914576089075286,180.0,-4.700010186307671,7.000112061764319,-45.26106921736535,4780440.829408148
14,2,300,8.39748501777649,23579026413,-6.89388039974418,0.020098692777059668,-8.375068001486682,-6.000061560547011,-3.0000167121255834,10.00811840024439,28884974.938036215
15,2,300,8.47890329360962,23807649096,-2.5537096465664044,-3.796592034577694,-100.99542602819292,3.0000039112890735,-3.9985081547477384,87.3108289600759,254126.35116038783
16,2,300,8.497102975845337,23858761773,-4.267843455598491,0.5316084741841642,180.0,0.9999999948078133,-4.500000071115526,-87.6625936743308,30267.96756797844
17,2,300,8.132367372512817,22834641782,4.40133547558902,-0.10230090916877188,48.329010763752464,4.000000028359814,0.5000000330400278,49.427605890624385,21787.790764699177
18,2,300,8.43074655532837,23672464402,3.564033148680391,-1.8629535177092311,-57.15565176179234,3.333300038718205,2.2221999547091227,-49.427672646890244,178274.27454568795
19,2,300,8.34894347190857,23442780865,-2.8344833358423163,-2.8304114169101995,-180.0,3.1500005606344668,-3.7999999542975864,4.99998631243842,62713.71120384072
0,3,300,41.758341789245605,117252304545,0.20509648169868377,0.15785989455604188,0.7013026467203999,0.0,0.0,0.0,10987.630961071494
1,3,300,36.603657245635986,102778772883,-2.3999999994215413,-4.399999827872048,133.1364882875144,3.9997745353039256,1.9999103113884145,44.99995148008031,102037.48661194334
2,3,300,47.74376916885376,134059148554,-5.200000012729011,0.4000000369704644,11.200800283958758,-3.9999999318331416,-4.999999883022972,60.00005084726444,965306.1545847408
3,3,300,41.99559998512268,117919149452,-3.4372096280321784e-09,-0.913869732610781,-179.9999999985577,0.0,1.0000000000638591,179.9997473002663,11027.184313272106
4,3,300,44.12126708030701,123887993427,3.200000000670835,3.998873494063819,-179.82112439080757,-3.000119383639941,1.999879864946304,42.4022521713589,118452.09245325565
5,3,300,47.85499310493469,134372122409,-5.1999984512000035,1.2000000045208257,16.852002848251956,-5.420114144049511,-1.000036080402431,15.002294807637739,11578.3994210354
6,3,300,46.808565616607666,131434050259,6.200000012111872,-1.666251080838423,-118.44014501740799,-5.420329651874257,-3.0001506065818058,71.62152674667016,117111.46450985834
7,3,300,45.09805083274841,126631249003,6.800000010990143,-3.2000000015372265,-101.537091998672,-5.99999837351753,-5.000135023812119,88.238202386171,1923620.135723667
8,3,300,41.37938475608826,116189701917,-8.669793771787226e-10,7.724775282006242,13.791848974597643,-0.0002890359263720138,-8.000158586774557,16.048732313356957,41410.559167293424
9,3,300,45.75775337219238,128483912190,3.5999999417174404,-3.9999999984166017,-178.80845666291873,6.4501395615586645,1.9999381152545757,154.70003860466974,7849467338314118.0
10,3,300,47.77889680862427,134159250692,4.999999946061337,1.1361363691761959,136.67463757673258,5.021708359640002,-1.08924846185625,136.5092190571473,12140.445606232133
11,3,300,37.44919943809509,105154390973,2.1999997464652274,-5.000000008861474,29.361934756927578,1.999913251770487,4.999933416250547,30.00543586718581,11393.336847912757
12,3,300,40.99324369430542,115105870774,-6.199999999164367,-0.2000000109511504,-91.61347947771581,1.5000866460446391,7.000010947196477,179.9131297498346,8108639.759958046
13,3,300,46.75271129608154,131278109260,-4.448160027554594,-6.7999999753276175,-45.408013236285655,-4.700010186307671,7.000112061764319,-45.26106921736535,11210.44371827218
14,3,300,48.028550148010254,134860669466,-5.799998981296046,1.7999999778013454,2.4162949672322607,-6.000061560547011,-3.0000167121255834,10.00811840024439,86995.07209490197
15,3,300,45.746257305145264,128452242471,2.9906586609491974,3.955690039924278,86.77492003160079,3.0000039112890735,-3.9985081547477384,87.3108289600759,11383.981061344803
16,3,300,36.4695999622345,102404103615,-4.199972481270152,0.6000058714465784,179.32914613164732,0.9999999948078133,-4.500000071115526,-87.6625936743308,24986.148411755577
17,3,300,37.43214464187622,105106907244,-4.236744155754668,1.0674202795062762,-136.0220743377316,4.000000028359814,0.5000000330400278,49.427605890624385,58629.89191802749
18,3,300,41.63679552078247,116913332819,3.2812533376282875,-1.9798250831198168,-46.4713964330407,3.333300038718205,2.2221999547091227,-49.427672646890244,18272.47377790026
19,3,300,38.63880181312561,108495212926,-3.000000003296007,-2.9702905377749333,-179.51731936537774,3.1500005606344668,-3.7999999542975864,4.99998631243842,55286.433213711156
0,0,400,65.80290532112122,184770317063,0.17612686221658258,0.04490199171545406,0.38572651959238646,0.0,0.0,0.0,11286.91354197939
1,0,400,65.85447072982788,184915213222,3.4796348955725183,-1.6436836573787872,45.63006480766248,3.9997745353039256,1.9999103113884145,44.99995148008031,480866.29696580104
2,0,400,66.83680582046509,187673640853,-5.249673820592739,0.3024141782106824,9.173838935059843,-3.9999999318331416,-4.999999883022972,60.00005084726444,1799640.3438154531
3,0,400,65.91715836524963,185091407730,0.5412686309115831,1.3629766668815293,-3.0605187678364234,0.0,1.0000000000638591,179.9997473002663,83557.65205893778
4,0,400,65.64392805099487,184324262834,-2.5360498767626733,-1.8099869310309025,39.95661355489296,-3.000119383639941,1.999879864946304,42.4022521713589,65196.66924343766
5,0,400,66.34635210037231,186296689534,-5.2328220529878156,0.008924513042403603,9.695845620620267,-5.420114144049511,-1.000036080402431,15.002294807637739,301288.0255665246
6,0,400,65.49069404602051,183894104667,-4.497152832714634,-4.063009587104073,12.297223267528482,-5.420329651874257,-3.0001506065818058,71.62152674667016,1736798631689.7068
7,0,400,66.26381087303162,186065019995,-6.928773256780277,-0.19477395280238596,45.73361101446807,-5.99999837351753,-5.000135023812119,88.238202386171,3733592.0561741656
8,0,400,65.76300692558289,184658833837,-0.3936886385324243,7.4369519682698915,11.009543333270278,-0.0002890359263720138,-8.000158586774557,16.048732313356957,95263.52872256357
9,0,400,65.55551815032959,184076252998,4.7383310303666,-1.2174758630286995,146.29860458683277,6.4501395615586645,1.9999381152545757,154.70003860466974,81560808172506.2
10,0,400,64.19778800010681,180263851709,-4.665312650810561,-1.5211925864910683,-48.077020228538544,5.021708359640002,-1.08924846185625,136.5092190571473,1421443.9239742127
11,0,400,65.86465883255005,184944361674,1.9566521157796544,-5.572648756023849,30.488922353162557,1.999913251770487,4.999933416250547,30.00543586718581,52646.07577014447
12,0,400,65.60119915008545,184209655426,-0.7607692924393934,7.034942330220254,7.216716808927135,1.5000866460446391,7.000010947196477,179.9131297498346,1498674.493022279
13,0,400,66.95416235923767,188010222553,-4.753284149818711,-5.803541174351154,-44.15797656174239,-4.700010186307671,7.000112061764319,-45.26106921736535,375020.4417278335
14,0,400,66.04955720901489,185469381989,-7.378720302491502,-0.11228346091569108,-12.132283095090065,-6.000061560547011,-3.0000167121255834,10.00811840024439,11551156.445607405
15,0,400,66.95337557792664,188006737339,-1.5114369601066855,-3.673462541194626,-112.75706015888336,3.0000039112890735,-3.9985081547477384,87.3108289600759,1370120.2047434608
16,0,400,66.03065204620361,185415190839,-0.4358985093617491,-4.115071240095692,92.09863385604817,0.9999999948078133,-4.500000071115526,-87.6625936743308,58420.327712061546
17,0,400,66.043954372406,185452093534,3.8028850507806826,-0.466677204329196,40.513147928771865,4.000000028359814,0.5000000330400278,49.427605890624385,43580.40687447833
18,0,400,65.1798632144928,183025328154,3.0882177352022744,-2.244242529727387,-49.25873003533564,3.333300038718205,2.2221999547091227,-49.427672646890244,55207.47294890102
19,0,400,65.76538896560669,184669143107,3.000267863270494,3.554197019380357,1.3605934188788567,3.1500005606344668,-3.7999999542975864,4.99998631243842,22330.273103243362
0,1,400,24.53665542602539,68898823666,0.2565072961923285,0.1633887219166148,0.9860980030278103,0.0,0.0,0.0,11144.400836496183
1,1,400,19.820454359054565,55655720442,-4.353145499438404,2.5874317525710957,-137.73459804644162,3.9997745353039256,1.9999103113884145,44.99995148008031,105825.44852956594
2,1,400,20.49450993537903,57548438994,0.8416609870830687,-5.2392141529038625,-79.5928737240274,-3.9999999318331416,-4.999999883022972,60.00005084726444,2017175.9470050377
3,1,400,22.29193902015686,62595578129,-0.01138884260230455,-0.8742913415596583,180.0,0.0,1.0000000000638591,179.9997473002663,11092.746738415366
4,1,400,21.040635585784912,59081901981,2.8393911030938845,4.482920384957058,175.3096944336654,-3.000119383639941,1.999879864946304,42.4022521713589,94998.84666519247
5,1,400,24.920180797576904,69975595043,-3.635092031535301,3.920352215105739,44.59091463617423,-5.420114144049511,-1.000036080402431,15.002294807637739,422332.5811843354
6,1,400,20.563600778579712,57742340808,6.3725906945113096,-1.5458353810502263,-120.29816069072236,-5.420329651874257,-3.0001506065818058,71.62152674667016,161751.0737265733
7,1,400,19.754085302352905,55469212086,-6.4061067804518395,-0.3957719471178489,45.84999863399839,-5.99999837351753,-5.000135023812119,88.238202386171,562506.409505909
8,1,400,19.82173776626587,55659157747,0.4776956905160148,-7.400589599325898,-168.27082318341584,-0.0002890359263720138,-8.000158586774557,16.048732313356957,58940.488599717355
9,1,400,21.250009298324585,59669703651,6.3822666112261395,-1.9619003605014882,155.41190629884167,6.4501395615586645,1.9999381152545757,154.70003860466974,12963.727676776703
10,1,400,20.650980234146118,57987618509,5.263168038699806,1.1247252732189086,136.89030619061208,5.021708359640002,-1.08924846185625,136.5092190571473,22136.865446141972
11,1,400,19.256725788116455,54072557867,-2.3728247021333067,5.569587647166868,-146.084080466315,1.999913251770487,4.999933416250547,30.00543586718581,273152.3390329798
12,1,400,19.890735864639282,55852830279,1.3942672870313668,-6.800211263337621,-179.57353625499732,1.5000866460446391,7.000010947196477,179.9131297498346,22209.79738897515
13,1,400,22.50427484512329,63191581505,3.992623681193079,7.595073813797828,129.52668092518672,-4.700010186307671,7.000112061764319,-45.26106921736535,53796.452739911256
14,1,400,22.26112389564514,62508798963,5.375616606385492,-3.2677757548261983,-159.41116662187727,-6.000061560547011,-3.0000167121255834,10.00811840024439,102534.20527147551
15,1,400,21.506672382354736,60390296278,3.036600315668206,3.9996405531985513,87.43421642007286,3.0000039112890735,-3.9985081547477384,87.3108289600759,11525.649088218654
16,1,400,18.88574194908142,53030763184,-4.064851592782877,0.6269203637789644,179.5465889173076,0.9999999948078133,-4.500000071115526,-87.6625936743308,26674.929062534975
17,1,400,19.081504106521606,53580446510,-4.182174060673621,1.1847542167756604,-135.9967154140118,4.000000028359814,0.5000000330400278,49.427605890624385,65337.34154633118
18,1,400,21.401185512542725,60094047266,3.352892364143532,-1.8800821330761597,-46.44061410396389,3.333300038718205,2.2221999547091227,-49.427672646890244,18921.79415370155
19,1,400,23.73444700241089,66645774753,-2.9744852256041296,-2.870109232878293,179.69761942626536,3.1500005606344668,-3.7999999542975864,4.99998631243842,54653.19077808962
0,2,400,8.880363702774048,24935850994,-0.20479990347161703,0.10656240415585216,-180.0,0.0,0.0,0.0,170615.2061295485
1,2,400,8.5984046459198,24144115001,4.800827891148353,-1.6576597848201544,44.321538986176165,3.9997745353039256,1.9999103113884145,44.99995148008031,80367.52928387225
2,2,400,9.000838041305542,25274136446,-5.73914172405131,-0.11718885723599115,8.614248602618119,-3.9999999318331416,-4.999999883022972,60.00005084726444,11360532.638920072
3,2,400,8.786131858825684,24671243041,-0.08305153663312304,-1.2878401309724694,180.0,0.0,1.0000000000638591,179.9997473002663,16423.38014078108
4,2,400,8.681476593017578,24377372048,2.828159449622383,3.882464391362065,175.78926448548881,-3.000119383639941,1.999879864946304,42.4022521713589,848513.9348151502
5,2,400,8.915912628173828,25035659675,-4.874103225136333,2.01747943235992,21.58934436484074,-5.420114144049511,-1.000036080402431,15.002294807637739,114536.04792748459
6,2,400,8.965164422988892,25173955465,7.141861937185091,0.2337071429210873,-135.30492941342573,-5.420329651874257,-3.0001506065818058,71.62152674667016,9103800.537181353
7,2,400,8.523351192474365,23933353257,-6.5226050620525555,2.2218119312885847,71.65479943590356,-5.99999837351753,-5.000135023812119,88.238202386171,31317216.52170633
8,2,400,7.916955232620239,22230607400,1.2105790655847617,-5.872825390288037,180.0,-0.0002890359263720138,-8.000158586774557,16.048732313356957,260393238.0936031
9,2,400,8.236536741256714,23127982168,-5.6614581868190905,1.332727010759239,-34.82991777007689,6.4501395615586645,1.9999381152545757,154.70003860466974,101124136891.03973
10,2,400,8.78445553779602,24666521619,-5.349498019898109,1.5303426459314888,-30.83919868588518,5.021708359640002,-1.08924846185625,136.5092190571473,66883402700.45045
11,2,400,8.347597360610962,23439833972,1.7118909234933444,-6.03659248801176,19.923551229677997,1.999913251770487,4.999933416250547,30.00543586718581,104591554.33192907
12,2,400,8.282144546508789,23256042928,1.6288194107263951,-7.231841512123652,180.0,1.5000866460446391,7.000010947196477,179.9131297498346,123293.0396103232
13,2,400,8.745344161987305,24556692170,-3.944001324722925,-6.1773370561740295,-49.383818640764616,-4.700010186307671,7.000112061764319,-45.26106921736535,1642080.7575193231
14,2,400,8.936888694763184,25094542126,-7.902709552669626,-0.33308452500218877,-10.82937695314003,-6.000061560547011,-3.0000167121255834,10.00811840024439,1634783096.9998486
15,2,400,8.863892555236816,24889569387,1.9933891672330848,3.7023330355803914,73.71958918668071,3.0000039112890735,-3.9985081547477384,87.3108289600759,147460.05063642847
16,2,400,8.847811460494995,24844411977,-3.9148505277432726,0.15289594290135788,-180.0,0.9999999948078133,-4.500000071115526,-87.6625936743308,60493.948920328025
17,2,400,8.71924376487732,24483397231,4.890995376981426,-0.5572053643344823,45.01049661234683,4.000000028359814,0.5000000330400278,49.427605890624385,87338.4550435403
18,2,400,8.975264549255371,25202293140,3.0789666581366184,-1.137461234804288,-52.81409305520514,3.333300038718205,2.2221999547091227,-49.427672646890244,374692.6129108939
19,2,400,8.772407054901123,24632673020,-3.068890205717741,-3.2489552455625725,180.0,3.1500005606344668,-3.7999999542975864,4.99998631243842,91105.31655531733
0,3,400,55.80709958076477,156704729327,0.20509789478208518,0.1578670926503758,0.7014672039679135,0.0,0.0,0.0,10987.630961565937
1,3,400,48.90374398231506,137320255251,-4.3999987096524364,2.399999959840427,-136.85261889355047,3.9997745353039256,1.9999103113884145,44.99995148008031,93781.09150746143
2,3,400,63.75312614440918,179016814353,-5.000000016938989,0.6000000002112742,12.769912155529932,-3.9999999318331416,-4.999999883022972,60.00005084726444,841620.1163121716
3,3,400,55.86440086364746,156865464197,-2.85200663086016e-09,-0.9180163185757486,179.8595914143844,0.0,1.0000000000638591,179.9997473002663,11006.847927201608
4,3,400,58.48120403289795,164213317242,-2.8321832703074996,-1.9543500763938262,42.24048060550609,-3.000119383639941,1.999879864946304,42.4022521713589,11106.917238236416
5,3,400,63.8222815990448,179210839440,-5.199999859907457,1.2000001749946847,16.843136651687825,-5.420114144049511,-1.000036080402431,15.002294807637739,11578.397148890002
6,3,400,61.40652132034302,172427421962,5.1999999961163486,-2.8000000024712817,-103.63816031960044,-5.420329651874257,-3.0001506065818058,71.62152674667016,78595.21252956137
7,3,400,59.89752769470215,168190183556,6.459721766521415,-3.200000000333927,-101.37043672836052,-5.99999837351753,-5.000135023812119,88.238202386171,2156952.9977186145
8,3,400,54.02290892601013,151694431397,1.600000032317574,-6.9999999976251495,180.0,-0.0002890359263720138,-8.000158586774557,16.048732313356957,486883.49417081475
9,3,400,62.4078586101532,175239046739,6.384990573754525,-1.9999999953192926,155.31957254455594,6.4501395615586645,1.9999381152545757,154.70003860466974,12902.287669530626
10,3,400,63.93121147155762,179516539854,-5.000000023066596,-1.0000000705114207,-47.77054829233765,5.021708359640002,-1.08924846185625,136.5092190571473,250110.66769025044
11,3,400,48.193068742752075,135324384482,-2.399999996045536,5.600000072021796,-149.08967698070578,1.999913251770487,4.999933416250547,30.00543586718581,219739.75150767807
12,3,400,54.844462156295776,154001239966,-0.800000000541484,6.962809295731635,1.8836747360221378,1.5000866460446391,7.000010947196477,179.9131297498346,126309.34437433616
13,3,400,62.54078459739685,175612213253,-4.448200953964466,-6.799999933568649,-45.312855185955236,-4.700010186307671,7.000112061764319,-45.26106921736535,11210.443638647936
14,3,400,62.349106311798096,175073969659,-4.307571199103108,3.695835528697474,20.91430564618362,-6.000061560547011,-3.0000167121255834,10.00811840024439,36454.758166634965
15,3,400,60.91703200340271,171052743190,-2.557369773224149,-3.400000001695565,-102.43001914416004,3.0000039112890735,-3.9985081547477384,87.3108289600759,121700.76796057381
16,3,400,49.495858907699585,138986371176,1.1425174281193158,4.600000009701025,-88.17189454754757,0.9999999948078133,-4.500000071115526,-87.6625936743308,11186.373166424928
17,3,400,51.60984778404236,144922597596,4.126021000972223,-0.4515914556378604,49.68341990606843,4.000000028359814,0.5000000330400278,49.427605890624385,11365.381291529213
18,3,400,55.47578406333923,155777940047,3.2812481004112435,-1.9798292861577842,-46.503805608692986,3.333300038718205,2.2221999547091227,-49.427672646890244,18272.473778502466
19,3,400,49.74165916442871,139676025244,-2.8189762874236965,-2.9997070958274037,179.74435868758428,3.1500005606344668,-3.7999999542975864,4.99998631243842,49556.17096391495
0,0,500,84.57462406158447,237487443733,0.23073200717191078,0.13595713265872966,0.9463501089049784,0.0,0.0,0.0,11058.988251435734
1,0,500,82.71505546569824,232265139955,3.850422219901244,-1.6395155166703237,45.63127111925197,3.9997745353039256,1.9999103113884145,44.99995148008031,27823.693234942417
2,0,500,82.34610533714294,231228626433,-5.693597466431993,0.3597627175581497,11.204176449350017,-3.9999999318331416,-4.999999883022972,60.00005084726444,4462383.865983674
3,0,500,83.70898008346558,235055161619,-0.2844886171879413,-1.0703581434776392,174.6974754571914,0.0,1.0000000000638591,179.9997473002663,30142.87070390732
4,0,500,83.65862679481506,234913401024,-1.8012829386745146,-2.3767339583287637,39.798371606910564,-3.000119383639941,1.999879864946304,42.4022521713589,813387.679637328
5,0,500,84.80786299705505,238140136484,-4.871417389413737,1.7042156061767066,20.286980168848476,-5.420114144049511,-1.000036080402431,15.002294807637739,29654.629909789597
6,0,500,82.92309546470642,232847454550,-4.390100452917357,3.2174423588504624,79.35801342185448,-5.420329651874257,-3.0001506065818058,71.62152674667016,28092.63944158343
7,0,500,83.28838014602661,233872948117,-6.803957075438005,1.2161785036927277,52.07002787961121,-5.99999837351753,-5.000135023812119,88.238202386171,17285554.560473576
8,0,500,83.59447121620178,234732257846,-0.8030168261332733,7.2830892060790475,9.550340656584092,-0.0002890359263720138,-8.000158586774557,16.048732313356957,346670.0410883847
9,0,500,83.3990683555603,234183407257,5.9688845204110486,-1.1515062978378605,153.35305516832443,6.4501395615586645,1.9999381152545757,154.70003860466974,233155.4020243324
10,0,500,84.29609775543213,236702113094,-4.556962811983704,-0.9307332012490903,-47.36727919134942,5.021708359640002,-1.08924846185625,136.5092190571473,1500848.7012015965
11,0,500,83.47414040565491,234393952879,1.3378611828621665,-5.004494023005078,37.79798266616943,1.999913251770487,4.999933416250547,30.00543586718581,250526.97301972573
12,0,500,83.33639574050903,234007069319,-1.0406930643905508,6.6353076279845205,-0.48927703360281655,1.5000866460446391,7.000010947196477,179.9131297498346,228096.861625507
13,0,500,83.22535109519958,233695173967,4.353883619966995,7.7152268512185564,132.02611182135027,-4.700010186307671,7.000112061764319,-45.26106921736535,708808.6687725986
14,0,500,83.33864951133728,234013242229,-6.566169052000866,1.3584335347104677,1.8699830949746712,-6.000061560547011,-3.0000167121255834,10.00811840024439,4408190.261597542
15,0,500,83.06290483474731,233238896939,2.32327900129804,3.4004979840999603,78.61485092389563,3.0000039112890735,-3.9985081547477384,87.3108289600759,210889.1637018261
16,0,500,84.1119737625122,236184609302,0.9760843380548767,4.667254498509118,-88.44428684375306,0.9999999948078133,-4.500000071115526,-87.6625936743308,12601.433352159815
17,0,500,84.20106911659241,236434792934,4.2544794594581745,0.07040479076909101,45.745936367091474,4.000000028359814,0.5000000330400278,49.427605890624385,29535.19598038519
18,0,500,84.47973918914795,237217204246,2.9678512945754267,-1.523852489535301,-50.952390774518435,3.333300038718205,2.2221999547091227,-49.427672646890244,92096.9185509297
19,0,500,82.85481071472168,232654408823,2.9348110061312322,3.7715447664920045,2.24886806643301,3.1500005606344668,-3.7999999542975864,4.99998631243842,18198.42144327022
0,1,500,29.623038291931152,83180807450,0.23830632964370757,0.21473964256319888,1.9540190754494253,0.0,0.0,0.0,11196.685257654914
1,1,500,23.04736351966858,64716462085,-4.985262081655229,-0.8178987604951526,-180.0,3.9997745353039256,1.9999103113884145,44.99995148008031,1575878.057132968
2,1,500,26.403475522994995,74140344847,5.985503760120283,-0.853544026240062,-166.7222780043582,-3.9999999318331416,-4.999999883022972,60.00005084726444,34749888.41543977
3,1,500,27.613147258758545,77537071951,0.4723259360368033,1.4564785927598276,-3.198124670578493,0.0,1.0000000000638591,179.9997473002663,79157.09204879936
4,1,500,28.17083716392517,79103049014,-2.7077457165688035,-2.044310696652621,41.85290965656634,-3.000119383639941,1.999879864946304,42.4022521713589,12009.653123944514
5,1,500,26.55465078353882,74564834205,-5.228430157420669,1.2956797065561432,16.67691086820915,-5.420114144049511,-1.000036080402431,15.002294807637739,12474.045591830394
6,1,500,26.386495351791382,74092657184,6.13777183084359,-2.228570000223911,-114.69927547852349,-5.420329651874257,-3.0001506065818058,71.62152674667016,144788.26123516107
7,1,500,26.133577823638916,73382466953,6.935367152806258,-3.768470967377155,-100.39975176588881,-5.99999837351753,-5.000135023812119,88.238202386171,45031093.2415236
8,1,500,23.953970909118652,67262181470,-0.019478762628308388,7.952903963829463,13.746830554124198,-0.0002890359263720138,-8.000158586774557,16.048732313356957,52042.99733489739
9,1,500,27.225427627563477,76448352326,6.465256772496751,-1.891818490242196,154.71446001430115,6.4501395615586645,1.9999381152545757,154.70003860466974,13435.977434851482
10,1,500,29.80292510986328,83685901849,3.3883993760635214,-3.2311960703090277,-179.19113217148953,5.021708359640002,-1.08924846185625,136.5092190571473,6158547335.403998
11,1,500,24.810928106307983,69668492521,2.0962553965201636,-4.991040747139127,32.497834341113766,1.999913251770487,4.999933416250547,30.00543586718581,12072.174318066996
12,1,500,24.357210874557495,68394464648,1.622593282605715,-6.600744216025046,178.2027276146858,1.5000866460446391,7.000010947196477,179.9131297498346,19783.527135151955
13,1,500,26.669723987579346,74887944068,7.554742567457247,2.618288659041214,179.2239285514384,-4.700010186307671,7.000112061764319,-45.26106921736535,990585.3680961588
14,1,500,27.743284463882446,77902474530,-4.295447159894703,3.764762988355514,20.88267185398601,-6.000061560547011,-3.0000167121255834,10.00811840024439,38002.50679304881
15,1,500,28.340033292770386,79578129342,3.1721847364685605,3.996567213312007,87.67716211432014,3.0000039112890735,-3.9985081547477384,87.3108289600759,11746.116146780745
16,1,500,23.7457594871521,66677519654,-4.114687332357898,0.5237166595104696,-179.5271125768991,0.9999999948078133,-4.500000071115526,-87.6625936743308,24122.122204156873
17,1,500,24.798581838607788,69633817127,-4.2121866441836,1.194192607670466,-134.86970232471572,4.000000028359814,0.5000000330400278,49.427605890624385,63316.649825977445
18,1,500,26.335456132888794,73949322981,3.3896635015178944,-1.7747848838527265,-47.6822171878348,3.333300038718205,2.2221999547091227,-49.427672646890244,19211.42256986144
19,1,500,26.527869939804077,74489613543,3.322534946480049,3.9278154229261215,6.061744247342659,3.1500005606344668,-3.7999999542975864,4.99998631243842,11036.694316840954
0,2,500,9.523582458496094,26741988864,-0.10640286415536337,0.14158863682452427,180.0,0.0,0.0,0.0,123687.53380565143
1,2,500,9.387210607528687,26359060453,-2.341300086232769,-4.085640463907865,130.63832246977663,3.9997745353039256,1.9999103113884145,44.99995148008031,220059.20445921773
2,2,500,9.591078758239746,26931516473,-4.314315845928062,2.808140937876903,32.89651863411696,-3.9999999318331416,-4.999999883022972,60.00005084726444,5272303956.943541
3,2,500,9.382320165634155,26345327245,0.1455649530806813,-1.1033232168140117,-180.0,0.0,1.0000000000638591,179.9997473002663,12538.286639282274
4,2,500,9.40419864654541,26406761892,-2.144861039713555,-1.712393702093479,45.03300415093524,-3.000119383639941,1.999879864946304,42.4022521713589,260390.00222048725
5,2,500,9.490185022354126,26648208105,-5.9598662991104145,-0.7174994516347635,0.03313538115244796,-5.420114144049511,-1.000036080402431,15.002294807637739,12714600.092403442
6,2,500,9.391643524169922,26371507008,-5.694567905740726,-1.681882788933871,38.022675722070716,-5.420329651874257,-3.0001506065818058,71.62152674667016,406652616406.34784
7,2,500,9.36443543434143,26295108150,-6.618008233111457,2.6036213639299426,75.49630906169486,-5.99999837351753,-5.000135023812119,88.238202386171,2658266.015275922
8,2,500,8.877632856369019,24928177095,-0.4200839009075459,7.310931721815038,11.632697394998132,-0.0002890359263720138,-8.000158586774557,16.048732313356957,146643.3851735397
9,2,500,9.064682245254517,25453406761,-5.993507177831177,0.784905147412168,-41.244785503534146,6.4501395615586645,1.9999381152545757,154.70003860466974,2984957272.7199755
10,2,500,9.44587779045105,26523794472,5.147291020947348,2.1872678230791642,125.78551094650909,5.021708359640002,-1.08924846185625,136.5092190571473,824615.193911951
11,2,500,8.864500999450684,24891303243,2.3874830577544692,-5.212665925359484,24.12627956084902,1.999913251770487,4.999933416250547,30.00543586718581,36830.38862838502
12,2,500,8.783896446228027,24664967916,1.102832917771961,-7.167666530942556,180.0,1.5000866460446391,7.000010947196477,179.9131297498346,66579.95025800967
13,2,500,9.466601371765137,26581986212,7.5321923928807735,2.562425289481107,-180.0,-4.700010186307671,7.000112061764319,-45.26106921736535,1231381.7592112247
14,2,500,9.466824769973755,26582613063,4.542819813492693,-2.6480480205202337,-166.008680224689,-6.000061560547011,-3.0000167121255834,10.00811840024439,11116795.030748814
15,2,500,9.378389835357666,26334291238,-1.841471721701165,-3.766933988138663,-100.7807124155656,3.0000039112890735,-3.9985081547477384,87.3108289600759,1868047.447646678
16,2,500,9.59796404838562,26950849172,-4.215248249326195,0.27041787283974195,-180.0,0.9999999948078133,-4.500000071115526,-87.6625936743308,29234.8450124798
17,2,500,9.389891862869263,26366587017,-1.633197839898445,-4.526915903538786,137.2220286634963,4.000000028359814,0.5000000330400278,49.427605890624385,851202.2500356229
18,2,500,9.407345533370972,26415597736,3.682576634229955,-2.4948872091190486,-50.37642297270087,3.333300038718205,2.2221999547091227,-49.427672646890244,188720.18114746435
19,2,500,9.438217878341675,26502285143,2.72747786923267,3.9243961695104037,-9.147491354519133,3.1500005606344668,-3.7999999542975864,4.99998631243842,62553.03893096281
0,3,500,71.43739080429077,200594436005,0.20420813193296716,0.1551886497827919,0.7027864690566391,0.0,0.0,0.0,10987.858914181166
1,3,500,62.719632625579834,176115182825,4.118928849043934,-1.9999999907508776,46.483265643474006,3.9997745353039256,1.9999103113884145,44.99995148008031,11123.771580965631
2,3,500,80.13263463973999,225010457278,-5.000000005372269,0.6000000017353742,12.780876449924953,-3.9999999318331416,-4.999999883022972,60.00005084726444,841620.1119713577
3,3,500,69.80056953430176,195998271802,-8.026969311458743e-09,-0.917946714239962,179.8822518879147,0.0,1.0000000000638591,179.9997473002663,11006.848006477952
4,3,500,74.04294419288635,207910751030,3.200000000015816,3.9987061764863423,-179.833595370537,-3.000119383639941,1.999879864946304,42.4022521713589,118452.08687651322
5,3,500,80.41218566894531,225795421284,-5.199999927328476,1.2000000242686166,16.78191131935325,-5.420114144049511,-1.000036080402431,15.002294807637739,11578.396182097324
6,3,500,74.9897632598877,210569391313,-4.540051006774202,3.32638627059991,78.58718634789824,-5.420329651874257,-3.0001506065818058,71.62152674667016,25032.302555090944
7,3,500,74.56679558753967,209381706007,-6.105274338470435,3.1999999989045254,80.42694597966708,-5.99999837351753,-5.000135023812119,88.238202386171,59818.71891365233
8,3,500,71.0346212387085,199463448681,0.2000000023199373,-7.391673974191223,-168.24142445897928,-0.0002890359263720138,-8.000158586774557,16.048732313356957,52921.615430622434
9,3,500,78.89752912521362,221542295824,-6.600000468172679,1.5999999999024173,-31.339690545888406,6.4501395615586645,1.9999381152545757,154.70003860466974,3353260.5864166548
10,3,500,80.36220073699951,225655055445,-5.2000000017123265,-0.8956977256155909,-46.37893208648463,5.021708359640002,-1.08924846185625,136.5092190571473,278409.6853329577
11,3,500,60.42800545692444,169680331661,-5.400000005365495,-2.3999999969475976,124.09538333940554,1.999913251770487,4.999933416250547,30.00543586718581,286194.67184399045
12,3,500,68.81733727455139,193237363500,1.3464726086216636,-6.800000001679222,-179.53217490889855,1.5000866460446391,7.000010947196477,179.9131297498346,22090.076672836
13,3,500,78.66795372962952,220897647602,-4.448258739588651,-6.799999923601579,-45.418942520794225,-4.700010186307671,7.000112061764319,-45.26106921736535,11210.443616904658
14,3,500,83.62824630737305,234826024812,6.599999439245476,1.1578094885258938,157.37167369402954,-6.000061560547011,-3.0000167121255834,10.00811840024439,8414249.734760452
15,3,500,76.79027032852173,215625158948,2.9999999713919756,3.9773901858855965,87.32514410202405,3.0000039112890735,-3.9985081547477384,87.3108289600759,11143.439932881813
16,3,500,62.340314626693726,175050045012,-4.199999819932275,0.6000000018743865,179.2966119401781,0.9999999948078133,-4.500000071115526,-87.6625936743308,24986.010872628805
17,3,500,63.80073690414429,179150873737,-1.000000002162011,-4.252610978343131,134.0008007181678,4.000000028359814,0.5000000330400278,49.427605890624385,61118.19483914203
18,3,500,69.68098735809326,195662469118,3.281249248226299,-1.9798239053082742,-46.402205169475316,3.333300038718205,2.2221999547091227,-49.427672646890244,18272.47377779547
19,3,500,64.51805639266968,181165088042,3.31831858147849,3.875029970470644,6.229621871820063,3.1500005606344668,-3.7999999542975864,4.99998631243842,10948.15087146048
0,0,600,102.03020286560059,286498256182,0.2015713658177951,0.1164546181338526,1.4572599871540162,0.0,0.0,0.0,11206.582283502481
1,0,600,101.32406067848206,284515261762,4.464673109727029,-1.61833532490461,42.68794579611669,3.9997745353039256,1.9999103113884145,44.99995148008031,42213.72050764889
2,0,600,101.7280023097992,285646354033,-5.560877353356265,0.5678904935005278,9.874069765303085,-3.9999999318331416,-4.999999883022972,60.00005084726444,5979085.928931073
3,0,600,101.14530754089355,284010688387,0.04206525108126158,-0.8158555087312465,176.81536382175022,0.0,1.0000000000638591,179.9997473002663,13179.746796015283
4,0,600,100.63164949417114,282568775979,-2.4692988684039134,-2.187526569851874,39.47211174908231,-3.000119383639941,1.999879864946304,42.4022521713589,32087.42448982094
5,0,600,102.50290131568909,287823507362,-4.838880428503572,1.6594618489258899,19.50020831755716,-5.420114144049511,-1.000036080402431,15.002294807637739,28444.19946072948
6,0,600,103.07118582725525,289419512977,5.925481273618985,-2.4262638263584924,-111.17058896996173,-5.420329651874257,-3.0001506065818058,71.62152674667016,748779.6724904958
7,0,600,101.73555970191956,285669363235,-6.747903247338999,2.815616180242543,76.42503518415553,-5.99999837351753,-5.000135023812119,88.238202386171,2204405.9633874386
8,0,600,101.87801504135132,286069562885,0.5025663063687151,-7.512424949950976,-169.14794517829864,-0.0002890359263720138,-8.000158586774557,16.048732313356957,63897.73716349409
9,0,600,102.05712795257568,286572661198,6.8497358601413225,-0.4949930105335518,145.14502764818047,6.4501395615586645,1.9999381152545757,154.70003860466974,2094792.3101043117
10,0,600,101.59733390808105,285281702665,-4.899723286624883,-1.3252771223933788,-49.9581785639687,5.021708359640002,-1.08924846185625,136.5092190571473,769765.786250956
11,0,600,101.0923318862915,283863777421,2.0915871811367523,-5.402536930565887,25.233968471441845,1.999913251770487,4.999933416250547,30.00543586718581,44217.040511586376
12,0,600,100.97023606300354,283521021666,-1.19805419156582,7.297878531541315,5.691580295483798,1.5000866460446391,7.000010947196477,179.9131297498346,2734219.767207582
13,0,600,101.76901745796204,285764043860,-6.470470206571239,-2.131291718819506,0.8956805930858214,-4.700010186307671,7.000112061764319,-45.26106921736535,20409359.54943547
14,0,600,101.07760715484619,283822640611,-5.09782017045617,3.178001800987383,17.34239800282249,-6.000061560547011,-3.0000167121255834,10.00811840024439,107355.72218682313
15,0,600,101.10326552391052,283894737556,-1.9172676434840135,-3.2714894729479305,-101.4955261438759,3.0000039112890735,-3.9985081547477384,87.3108289600759,1300694.619953311
16,0,600,101.66994833946228,285486002257,-3.821389484197457,1.2077482557024677,-174.55937071035626,0.9999999948078133,-4.500000071115526,-87.6625936743308,50215.579378609866
17,0,600,101.12800693511963,283964278513,4.079305529695199,-0.43512924673541065,48.2790453649573,4.000000028359814,0.5000000330400278,49.427605890624385,13379.994117447968
18,0,600,101.04338264465332,283726682478,3.3074723853575456,-1.9556552348487575,-49.39600088215493,3.333300038718205,2.2221999547091227,-49.427672646890244,26805.050804005055
19,0,600,101.98623013496399,286374189400,2.894583385290158,4.077535119350406,-2.2655114903208258,3.1500005606344668,-3.7999999542975864,4.99998631243842,19325.373235490286
0,1,600,35.43280339241028,99494225469,-0.01145881476864652,0.1997542449413281,-179.7548088883395,0.0,0.0,0.0,106418.41278182705
1,1,600,29.582519054412842,83066808700,4.134767239271369,-1.997275722276175,45.5067433683336,3.9997745353039256,1.9999103113884145,44.99995148008031,11203.232031642026
2,1,600,30.902287006378174,86772676772,0.8021928425243132,-5.020971132354035,-79.32365004521695,-3.9999999318331416,-4.999999883022972,60.00005084726444,2235457.6307364204
3,1,600,32.71534705162048,91863696049,-0.004290096386894149,-0.9160946456478953,-180.0,0.0,1.0000000000638591,179.9997473002663,11033.555361720188
4,1,600,34.02349877357483,95536946668,3.203212400034028,3.993777431483661,-180.0,-3.000119383639941,1.999879864946304,42.4022521713589,119098.70323242735
5,1,600,32.221224784851074,90476217621,-5.123631146673994,1.9899912869665748,20.018779091710297,-5.420114144049511,-1.000036080402431,15.002294807637739,48316.1275717605
6,1,600,31.337326049804688,87994765194,4.983084361451368,-3.0152186424299545,-100.6897532806989,-5.420329651874257,-3.0001506065818058,71.62152674667016,86567.44783768692
7,1,600,32.072747468948364,90060735574,-5.962348807091784,3.591541385995031,82.1983231046627,-5.99999837351753,-5.000135023812119,88.238202386171,67738.71451752112
8,1,600,29.64281940460205,83237395800,0.21271208519957696,-7.32009607191224,-168.02204911678805,-0.0002890359263720138,-8.000158586774557,16.048732313356957,56380.84981795252
9,1,600,31.447011470794678,88303521386,6.391032515896001,-1.7381642194043394,153.83512694220326,6.4501395615586645,1.9999381152545757,154.70003860466974,14886.234370782144
10,1,600,34.406150817871094,96612740946,3.991969099943045,-3.007161809903721,175.62592308045632,5.021708359640002,-1.08924846185625,136.5092190571473,578025802.7041023
11,1,600,28.877432107925415,81087999010,-5.187523853176369,2.6020433476748988,177.24611141172952,1.999913251770487,4.999933416250547,30.00543586718581,22803504.32276264
12,1,600,29.32640552520752,82348668620,1.3267559855712694,-6.800302425896705,-179.64246940483915,1.5000866460446391,7.000010947196477,179.9131297498346,23938.42341936653
13,1,600,33.10634112358093,92962687240,3.7891036236155298,7.799824049936252,127.03457470847819,-4.700010186307671,7.000112061764319,-45.26106921736535,57649.22372684
14,1,600,34.40396285057068,96606352979,-4.301642117163926,3.6988697955170515,20.918822926692084,-6.000061560547011,-3.0000167121255834,10.00811840024439,36458.76412913566
15,1,600,33.83995342254639,95022557590,3.087539342279987,3.9872669455106546,87.60125773640682,3.0000039112890735,-3.9985081547477384,87.3108289600759,11312.084152482825
16,1,600,28.118711471557617,78957276418,-4.161415963962823,0.5258657378175862,-179.3767382487148,0.9999999948078133,-4.500000071115526,-87.6625936743308,23738.81474955089
17,1,600,29.189064979553223,81962791641,-4.118214990057072,1.127736529865972,-136.08991141400622,4.000000028359814,0.5000000330400278,49.427605890624385,67255.57689262553
18,1,600,31.901989459991455,89580633861,3.3649512890294417,-1.6800470974143238,-47.67703390927046,3.333300038718205,2.2221999547091227,-49.427672646890244,21133.18908456786
19,1,600,32.18517541885376,90375780166,3.306503570905635,3.9297668059775184,6.2485013069692545,3.1500005606344668,-3.7999999542975864,4.99998631243842,11038.60668257133
0,2,600,9.88782811164856,27764955931,0.30894335638905446,-0.08851808312124909,5.208679571568581,0.0,0.0,0.0,60790.78432225237
1,2,600,9.770465850830078,27435400162,4.030739016555803,-1.8124156752567444,47.403993664283874,3.9997745353039256,1.9999103113884145,44.99995148008031,16392.06147916053
2,2,600,10.140394449234009,28474153939,-5.011457566965138,-0.5050132655658057,3.5063962866566953,-3.9999999318331416,-4.999999883022972,60.00005084726444,23201095.445538007
